,Target,MSFT,AMD
Target,1.0,0.9186751330566096,0.9411254909096225
MSFT,0.9186751330566096,1.0,0.9283487743691126
AMD,0.9411254909096225,0.9283487743691126,1.0
